standard,required,expres
INSTRUME,Y,INSTRMNT
ORGANIZA,N,
ORIGIN,N,
DATALVL,Y,
OBSERVER,Y,OBSERVER
PROGRAM,N,PROGRAM
PINAME,N,
OBSTYPE,Y,OBSTYPE
OBSMODE,N,
READMODE,N,
BINNING,Y,CCDBIN
NUMTRACE,Y,
NUMORDER,Y,
OBJECT,Y,OBJECT
ALIASES,N,
FILENAME,Y,
DATE,Y,
DATE-OBS,Y,DATE-SHT
JD_UTC,Y,
EXPTIME,Y,AEXPTIME
TRACE1,Y,
CLSRC1,Y,
CSRC1,Y,
CID1,Y,
CRA1,Y,REQRA
CDEC1,Y,REQDEC
CEQNX1,Y,EQUNIOX
CEPCH1,Y,
CRV1,Y,
OBSERVAT,Y,
TELESCOP,Y,TELESCP
NUMTEL,Y,
TELEID1,Y,TELESCP
GEOSYS,Y,
OBSLON,Y,
OBSLAT,Y,
OBSALT,Y,
ISSOLAR,Y,
AIRMASS,N,AMBEG
MOONANG,N,MOONDIST
DRPTAG,Y,
EPRVTAG,Y,
VOCLASS,Y,
INSTERA,Y,
EXTRACT,N,
FULLCOMP,Y,
INSTFLAG,N,
DRPFLAG,N,
SUMMFLAG,Y,
DQLVL0,Y,
DQLVL1,Y,
DQLVL2,Y,
